-- MySQL dump 10.13  Distrib 5.5.19, for Win64 (x86)
--
-- Host: localhost    Database: usermanagemen
-- ------------------------------------------------------
-- Server version	5.5.19

/*!40101 SET @OLD_CHARACTER_SET_CLIENT=@@CHARACTER_SET_CLIENT */;
/*!40101 SET @OLD_CHARACTER_SET_RESULTS=@@CHARACTER_SET_RESULTS */;
/*!40101 SET @OLD_COLLATION_CONNECTION=@@COLLATION_CONNECTION */;
/*!40101 SET NAMES utf8 */;
/*!40103 SET @OLD_TIME_ZONE=@@TIME_ZONE */;
/*!40103 SET TIME_ZONE='+00:00' */;
/*!40014 SET @OLD_UNIQUE_CHECKS=@@UNIQUE_CHECKS, UNIQUE_CHECKS=0 */;
/*!40014 SET @OLD_FOREIGN_KEY_CHECKS=@@FOREIGN_KEY_CHECKS, FOREIGN_KEY_CHECKS=0 */;
/*!40101 SET @OLD_SQL_MODE=@@SQL_MODE, SQL_MODE='NO_AUTO_VALUE_ON_ZERO' */;
/*!40111 SET @OLD_SQL_NOTES=@@SQL_NOTES, SQL_NOTES=0 */;

--
-- Table structure for table `tmenu`
--

DROP TABLE IF EXISTS `tmenu`;
/*!40101 SET @saved_cs_client     = @@character_set_client */;
/*!40101 SET character_set_client = utf8 */;
CREATE TABLE `tmenu` (
  `id_menu` int(11) NOT NULL AUTO_INCREMENT,
  `jenis` int(2) DEFAULT NULL COMMENT '1 : menu ,2: submenu ada skript, 3: komponen ,4 :separator',
  `nama` varchar(100) DEFAULT NULL,
  `skrip` varchar(100) DEFAULT NULL,
  `ikon1` varchar(100) DEFAULT NULL,
  `ikon2` varchar(100) DEFAULT NULL,
  `urut` int(11) DEFAULT NULL,
  `shortcut` tinyint(1) DEFAULT NULL,
  `aktif` tinyint(1) DEFAULT NULL COMMENT '1 : aktif 0:tidak aktif',
  `idmenu_induk` int(11) DEFAULT NULL,
  `terlihat` tinyint(1) DEFAULT NULL COMMENT '1 : terlihat , 0 : tidak terlihat',
  `param` varchar(100) DEFAULT NULL,
  PRIMARY KEY (`id_menu`),
  KEY `idmenu_induk` (`idmenu_induk`),
  CONSTRAINT `tmenu_ibfk_1` FOREIGN KEY (`idmenu_induk`) REFERENCES `tmenu` (`id_menu`)
) ENGINE=InnoDB AUTO_INCREMENT=7 DEFAULT CHARSET=latin1;
/*!40101 SET character_set_client = @saved_cs_client */;

--
-- Dumping data for table `tmenu`
--

LOCK TABLES `tmenu` WRITE;
/*!40000 ALTER TABLE `tmenu` DISABLE KEYS */;
INSERT INTO `tmenu` VALUES (1,1,'Referensi',NULL,'/img/16/application_form_edit.png',NULL,1,NULL,1,NULL,1,NULL),(2,2,'Kelompok Pengguna','Tprofil.zul','/img/16/camera.png',NULL,1,1,1,1,1,NULL),(3,2,'Menu','Tmenu.zul','/img/16/book.png',NULL,2,NULL,1,1,1,NULL),(4,4,'Separator',NULL,NULL,NULL,3,NULL,NULL,1,NULL,NULL),(5,1,'Testing',NULL,NULL,NULL,4,NULL,1,1,1,NULL),(6,2,'Testing lagi','Tmenu.zul','/img/16/camera.png',NULL,1,NULL,1,5,1,NULL);
/*!40000 ALTER TABLE `tmenu` ENABLE KEYS */;
UNLOCK TABLES;

--
-- Table structure for table `tpemda`
--

DROP TABLE IF EXISTS `tpemda`;
/*!40101 SET @saved_cs_client     = @@character_set_client */;
/*!40101 SET character_set_client = utf8 */;
CREATE TABLE `tpemda` (
  `idtpemda` int(11) NOT NULL AUTO_INCREMENT,
  `idtprov` int(11) DEFAULT NULL,
  `kdprov` char(2) DEFAULT NULL,
  `kdsatker` char(6) DEFAULT NULL,
  `kdpemda` char(2) DEFAULT NULL,
  `urpemda` varchar(200) DEFAULT NULL,
  `urpemdasingkat` varchar(50) DEFAULT NULL,
  PRIMARY KEY (`idtpemda`),
  KEY `idtprov` (`idtprov`),
  CONSTRAINT `tpemda_ibfk_1` FOREIGN KEY (`idtprov`) REFERENCES `tprov` (`idtprov`)
) ENGINE=InnoDB AUTO_INCREMENT=526 DEFAULT CHARSET=latin1;
/*!40101 SET character_set_client = @saved_cs_client */;

--
-- Dumping data for table `tpemda`
--

LOCK TABLES `tpemda` WRITE;
/*!40000 ALTER TABLE `tpemda` DISABLE KEYS */;
INSERT INTO `tpemda` VALUES (1,1,'00','000000','00','Nasional',NULL),(2,2,'01','990015','00','Provinsi Aceh',NULL),(3,2,'01','990078','01','Kab. Aceh Barat                                   ',NULL),(4,2,'01','990022','02','Kab. Aceh Besar                                   ',NULL),(5,2,'01','990061','03','Kab. Aceh Selatan                                 ',NULL),(6,2,'01','980007','04','Kab. Aceh Singkil                                 ',NULL),(7,2,'01','990082','05','Kab. Aceh Tengah                                  ',NULL),(8,2,'01','990099','06','Kab. Aceh Tenggara                                ',NULL),(9,2,'01','990057','07','Kab. Aceh Timur                                   ',NULL),(10,2,'01','990040','08','Kab. Aceh Utara                                   ',NULL),(11,2,'01','980053','09','Kab. Bireuen                                      ',NULL),(12,2,'01','990036','10','Kab. Pidie                                        ',NULL),(13,2,'01','993372','11','Kab. Simeulue                                     ',NULL),(14,2,'01','990104','12','Kota Banda Aceh                                   ',NULL),(15,2,'01','990111','13','Kota Sabang                                       ',NULL),(16,2,'01','994672','14','Kota Langsa                                       ',NULL),(17,2,'01','994686','15','Kota Lhokseumawe                                  ',NULL),(18,2,'01','997430','16','Kab. Gayo Lues                                    ',NULL),(19,2,'01','997426','17','Kab. Aceh Barat Daya                              ',NULL),(20,2,'01','997447','18','Kab. Aceh Jaya                                    ',NULL),(21,2,'01','997451','19','Kab. Nagan Raya                                   ',NULL),(22,2,'01','997468','20','Kab. Aceh Tamiang                                 ',NULL),(23,2,'01','987532','21','Kab. Bener Meriah                                 ',NULL),(24,2,'01','963311','22','Kab. Pidie Jaya                                   ',NULL),(25,2,'01','963327','23','Kota Subulussalam                                 ',NULL),(26,3,'02','990125','00','Provinsi Sumatera Utara                           ',NULL),(27,3,'02','990221','01','Kab. Asahan                                       ',NULL),(28,3,'02','990192','02','Kab. Dairi                                        ',NULL),(29,3,'02','990132','03','Kab. Deli Serdang                                 ',NULL),(30,3,'02','990146','04','Kab. Tanah Karo                                   ',NULL),(31,3,'02','990188','05','Kab. Labuhan Batu                                 ',NULL),(32,3,'02','990150','06','Kab. Langkat                                      ',NULL),(33,3,'02','941915','07','Kab. Mandailing Natal                             ',NULL),(34,3,'02','990235','08','Kab. Nias                                         ',NULL),(35,3,'02','990171','09','Kab. Simalungun                                   ',NULL),(36,3,'02','990214','10','Kab. Tapanuli Selatan                             ',NULL),(37,3,'02','990167','11','Kab. Tapanuli Tengah                              ',NULL),(38,3,'02','990200','12','Kab. Tapanuli Utara                               ',NULL),(39,3,'02','941922','13','Kab. Toba Samosir                                 ',NULL),(40,3,'02','990260','14','Kota Binjai                                       ',NULL),(41,3,'02','990242','15','Kota Medan                                        ',NULL),(42,3,'02','990277','16','Kota Pematang Siantar                             ',NULL),(43,3,'02','990298','17','Kota Sibolga                                      ',NULL),(44,3,'02','990281','18','Kota Tanjung Balai                                ',NULL),(45,3,'02','990256','19','Kota Tebing Tinggi                                ',NULL),(46,3,'02','994690','20','Kota Padang Sidempuan                             ',NULL),(47,3,'02','998147','21','Kab. Pakpak Bharat                                ',NULL),(48,3,'02','998130','22','Kab. Nias Selatan                                 ',NULL),(49,3,'02','998151','23','Kab. Humbang Hasundutan                           ',NULL),(50,3,'02','987418','24','Kab. Serdang Berdagai                             ',NULL),(51,3,'02','987528','25','Kab. Samosir                                      ',NULL),(52,3,'02','963333','26','Kab. Batu Bara                                    ',NULL),(53,3,'02','975013','27','Kab. Padang Lawas                                 ',NULL),(54,3,'02','975163','28','Kab. Padang Lawas Utara                           ',NULL),(55,3,'02','977267','29','Kab. Labuhan Batu Selatan                         ',NULL),(56,3,'02','977117','30','Kab. Labuhan Batu Utara                           ',NULL),(57,3,'02','978536','31','Kab. Nias Utara                                   ',NULL),(58,3,'02','978397','32','Kab. Nias Barat                                   ',NULL),(59,3,'02','978401','33','Kota Gunungsitoli                                 ',NULL),(60,4,'03','990303','00','Provinsi Sumatera Barat                           ',NULL),(61,4,'03','990331','01','Kab. Limapuluh Kota                               ',NULL),(62,4,'03','990310','02','Kab. Agam                                         ',NULL),(63,4,'03','980060','03','Kab. Kepulauan Mentawai                           ',NULL),(64,4,'03','990352','04','Kab. Padang Pariaman                              ',NULL),(65,4,'03','990324','05','Kab. Pasaman                                      ',NULL),(66,4,'03','990366','06','Kab. Pesisir Selatan                              ',NULL),(67,4,'03','990387','07','Kab. Sijunjung                                    ',NULL),(68,4,'03','990345','08','Kab. Solok                                        ',NULL),(69,4,'03','990370','09','Kab. Tanah Datar                                  ',NULL),(70,4,'03','990391','10','Kota Bukit Tinggi                                 ',NULL),(71,4,'03','990409','11','Kota Padang Panjang                               ',NULL),(72,4,'03','990434','12','Kota Padang                                       ',NULL),(73,4,'03','990441','13','Kota Payakumbuh                                   ',NULL),(74,4,'03','990420','14','Kota Sawahlunto                                   ',NULL),(75,4,'03','990413','15','Kota Solok                                        ',NULL),(76,4,'03','997611','16','Kota Pariaman                                     ',NULL),(77,4,'03','987595','17','Kab. Pasaman Barat                                ',NULL),(78,4,'03','987574','18','Kab. Dharmasraya                                  ',NULL),(79,4,'03','987581','19','Kab. Solok Selatan                                ',NULL),(80,5,'04','990455','00','Provinsi Riau                                     ',NULL),(81,5,'04','990476','01','Kab. Bengkalis                                    ',NULL),(82,5,'04','990502','02','Kab. Indragiri Hilir                              ',NULL),(83,5,'04','990497','03','Kab. Indragiri Hulu                               ',NULL),(84,5,'04','990462','04','Kab. Kampar                                       ',NULL),(85,5,'04','980138','05','Kab. Kuantan Singingi                             ',NULL),(86,5,'04','980074','06','Kab. Pelalawan                                    ',NULL),(87,5,'04','980095','07','Kab. Rokan Hilir                                  ',NULL),(88,5,'04','980081','08','Kab. Rokan Hulu                                   ',NULL),(89,5,'04','980100','09','Kab. Siak                                         ',NULL),(90,5,'04','980142','10','Kota Dumai                                        ',NULL),(91,5,'04','990519','11','Kota Pekanbaru                                    ',NULL),(92,5,'04','978417','12','Kab. Kepulauan Meranti                            ',NULL),(93,6,'05','990530','00','Provinsi Jambi                                    ',NULL),(94,6,'05','990544','01','Kab. Batanghari                                   ',NULL),(95,6,'05','990565','02','Kab. Bungo                                        ',NULL),(96,6,'05','990586','03','Kab. Kerinci                                      ',NULL),(97,6,'05','990572','04','Kab. Merangin                                     ',NULL),(98,6,'05','980184','05','Kab. Muaro Jambi                                  ',NULL),(99,6,'05','980163','06','Kab. Sarolangun                                   ',NULL),(100,6,'05','990551','07','Kab. Tanjung Jabung Barat                         ',NULL),(101,6,'05','980522','08','Kab. Tanjung Jabung Timur                         ',NULL),(102,6,'05','980170','09','Kab. Tebo                                         ',NULL),(103,6,'05','990590','10','Kota Jambi                                        ',NULL),(104,6,'05','977562','11','Kota Sungai Penuh                                 ',NULL),(105,7,'06','990608','00','Provinsi Sumatera Selatan                         ',NULL),(106,7,'06','990661','01','Kab. Lahat                                        ',NULL),(107,7,'06','990633','02','Kab. Musi Banyuasin                               ',NULL),(108,7,'06','990675','03','Kab. Musi Rawas                                   ',NULL),(109,7,'06','990654','04','Kab. Muara Enim                                   ',NULL),(110,7,'06','990682','05','Kab. Ogan Komering Ilir                           ',NULL),(111,7,'06','990640','06','Kab. Ogan Komering Ulu                            ',NULL),(112,7,'06','990696','07','Kota Palembang                                    ',NULL),(113,7,'06','994712','08','Kota Prabumulih                                   ',NULL),(114,7,'06','994729','09','Kota Pagar Alam                                   ',NULL),(115,7,'06','994733','10','Kota Lubuk Linggau                                ',NULL),(116,7,'06','997557','11','Kab. Banyuasin                                    ',NULL),(117,7,'06','987560','12','Kab. Ogan Ilir                                    ',NULL),(118,7,'06','987549','13','Kab. OKU Timur                                    ',NULL),(119,7,'06','987553','14','Kab. OKU Selatan                                  ',NULL),(120,7,'06','963342','15','Kab. Empat Lawang                                 ',NULL),(121,8,'07','990718','00','Provinsi  Bengkulu                                ',NULL),(122,8,'07','990739','01','Kab. Bengkulu Selatan                             ',NULL),(123,8,'07','990722','02','Kab. Bengkulu Utara                               ',NULL),(124,8,'07','990743','03','Kab. Rejang Lebong                                ',NULL),(125,8,'07','990750','04','Kota Bengkulu                                     ',NULL),(126,8,'07','998215','05','Kab. Kaur                                         ',NULL),(127,8,'07','998201','06','Kab. Seluma                                       ',NULL),(128,8,'07','998503','07','Kab. Mukomuko                                     ',NULL),(129,8,'07','987600','08','Kab. Lebong                                       ',NULL),(130,8,'07','987617','09','Kab. Kepahiang                                    ',NULL),(131,8,'07','977710','10','Kab. Bengkulu Tengah                              ',NULL),(132,9,'08','990764','00','Provinsi  Lampung                                 ',NULL),(133,9,'08','990807','01','Kab. Lampung Barat                                ',NULL),(134,9,'08','990771','02','Kab. Lampung Selatan                              ',NULL),(135,9,'08','990785','03','Kab. Lampung Tengah                               ',NULL),(136,9,'08','990792','04','Kab. Lampung Utara                                ',NULL),(137,9,'08','980191','05','Kab. Lampung Timur                                ',NULL),(138,9,'08','993351','06','Kab. Tanggamus                                    ',NULL),(139,9,'08','993347','07','Kab. Tulang Bawang                                ',NULL),(140,9,'08','980206','08','Kab. Way Kanan                                    ',NULL),(141,9,'08','990811','09','Kota Bandar Lampung                               ',NULL),(142,9,'08','980210','10','Kota Metro                                        ',NULL),(143,9,'08','975311','11','Kab. Pesawaran                                    ',NULL),(144,9,'08','978423','12','Kab. Pringsewu                                    ',NULL),(145,9,'08','978432','13','Kab. Mesuji                                       ',NULL),(146,9,'08','978448','14','Kab. Tulang Bawang Barat                          ',NULL),(147,10,'09','990828','00','Provinsi DKI Jakarta                              ',NULL),(148,11,'10','990881','00','Provinsi Jawa Barat                               ',NULL),(149,11,'10','991003','01','Kab. Bandung                                      ',NULL),(150,11,'10','990963','02','Kab. Bekasi                                       ',NULL),(151,11,'10','990938','03','Kab. Bogor                                        ',NULL),(152,11,'10','991045','04','Kab. Ciamis                                       ',NULL),(153,11,'10','990959','05','Kab. Cianjur                                      ',NULL),(154,11,'10','991052','06','Kab. Cirebon                                      ',NULL),(155,11,'10','991024','07','Kab. Garut                                        ',NULL),(156,11,'10','991070','08','Kab. Indramayu                                    ',NULL),(157,11,'10','990970','09','Kab. Karawang                                     ',NULL),(158,11,'10','991066','10','Kab. Kuningan                                     ',NULL),(159,11,'10','991087','11','Kab. Majalengka                                   ',NULL),(160,11,'10','990984','12','Kab. Purwakarta                                   ',NULL),(161,11,'10','990991','13','Kab. Subang                                       ',NULL),(162,11,'10','990942','14','Kab. Sukabumi                                     ',NULL),(163,11,'10','991010','15','Kab. Sumedang                                     ',NULL),(164,11,'10','991031','16','Kab. Tasikmalaya                                  ',NULL),(165,11,'10','991091','17','Kota Bandung                                      ',NULL),(166,11,'10','993330','18','Kota Bekasi                                       ',NULL),(167,11,'10','991109','19','Kota Bogor                                        ',NULL),(168,11,'10','991120','20','Kota Cirebon                                      ',NULL),(169,11,'10','980032','21','Kota Depok                                        ',NULL),(170,11,'10','991113','22','Kota Sukabumi                                     ',NULL),(171,11,'10','994740','23','Kota Tasikmalaya                                  ',NULL),(172,11,'10','994754','24','Kota Cimahi                                       ',NULL),(173,11,'10','998126','25','Kota Banjar                                       ',NULL),(174,11,'10','963302','26','Kab. Bandung Barat                                ',NULL),(175,12,'11','991141','00','Provinsi Jawa Tengah                              ',NULL),(176,12,'11','991329','01','Kab. Banjarnegara                                 ',NULL),(177,12,'11','991290','02','Kab. Banyumas                                     ',NULL),(178,12,'11','991202','03','Kab. Batang                                       ',NULL),(179,12,'11','991286','04','Kab. Blora                                        ',NULL),(180,12,'11','991396','05','Kab. Boyolali                                     ',NULL),(181,12,'11','991223','06','Kab. Brebes                                       ',NULL),(182,12,'11','991308','07','Kab. Cilacap                                      ',NULL),(183,12,'11','991176','08','Kab. Demak                                        ',NULL),(184,12,'11','991180','09','Kab. Grobogan                                     ',NULL),(185,12,'11','991265','10','Kab. Jepara                                       ',NULL),(186,12,'11','991422','11','Kab. Karanganyar                                  ',NULL),(187,12,'11','991375','12','Kab. Kebumen                                      ',NULL),(188,12,'11','991162','13','Kab. Kendal                                       ',NULL),(189,12,'11','991382','14','Kab. Klaten                                       ',NULL),(190,12,'11','991244','15','Kab. Kudus                                        ',NULL),(191,12,'11','991333','16','Kab. Magelang                                     ',NULL),(192,12,'11','991230','17','Kab. Pati                                         ',NULL),(193,12,'11','991197','18','Kab. Pekalongan                                   ',NULL),(194,12,'11','991251','19','Kab. Pemalang                                     ',NULL),(195,12,'11','991312','20','Kab. Purbalingga                                  ',NULL),(196,12,'11','991361','21','Kab. Purworejo                                    ',NULL),(197,12,'11','991272','22','Kab. Rembang                                      ',NULL),(198,12,'11','991155','23','Kab. Semarang                                     ',NULL),(199,12,'11','991401','24','Kab. Sragen                                       ',NULL),(200,12,'11','991418','25','Kab. Sukoharjo                                    ',NULL),(201,12,'11','991219','26','Kab. Tegal                                        ',NULL),(202,12,'11','991340','27','Kab. Temanggung                                   ',NULL),(203,12,'11','991439','28','Kab. Wonogiri                                     ',NULL),(204,12,'11','991354','29','Kab. Wonosobo                                     ',NULL),(205,12,'11','991485','30','Kota Magelang                                     ',NULL),(206,12,'11','991464','31','Kota Pekalongan                                   ',NULL),(207,12,'11','991450','32','Kota Salatiga                                     ',NULL),(208,12,'11','991443','33','Kota Semarang                                     ',NULL),(209,12,'11','991492','34','Kota Surakarta                                    ',NULL),(210,12,'11','991471','35','Kota Tegal                                        ',NULL),(211,13,'12','991507','00','Provinsi DI Yogyakarta                            ',NULL),(212,13,'12','991511','01','Kab. Bantul                                       ',NULL),(213,13,'12','991532','02','Kab. Gunung Kidul                                 ',NULL),(214,13,'12','991549','03','Kab. Kulon Progo                                  ',NULL),(215,13,'12','991528','04','Kab. Sleman                                       ',NULL),(216,13,'12','991553','05','Kota Yogyakarta                                   ',NULL),(217,14,'13','991560','00','Provinsi Jawa Timur                               ',NULL),(218,14,'13','991642','01','Kab. Bangkalan                                    ',NULL),(219,14,'13','991670','02','Kab. Banyuwangi                                   ',NULL),(220,14,'13','991773','03','Kab. Blitar                                       ',NULL),(221,14,'13','991837','04','Kab. Bojonegoro                                   ',NULL),(222,14,'13','991659','05','Kab. Bondowoso                                    ',NULL),(223,14,'13','991574','06','Kab. Gresik                                       ',NULL),(224,14,'13','991684','07','Kab. Jember                                       ',NULL),(225,14,'13','991600','08','Kab. Jombang                                      ',NULL),(226,14,'13','991731','09','Kab. Kediri                                       ',NULL),(227,14,'13','991858','10','Kab. Lamongan                                     ',NULL),(228,14,'13','991727','11','Kab. Lumajang                                     ',NULL),(229,14,'13','991780','12','Kab. Madiun                                       ',NULL),(230,14,'13','991802','13','Kab. Magetan                                      ',NULL),(231,14,'13','991691','14','Kab. Malang                                       ',NULL),(232,14,'13','991581','15','Kab. Mojokerto                                    ',NULL),(233,14,'13','991752','16','Kab. Nganjuk                                      ',NULL),(234,14,'13','991794','17','Kab. Ngawi                                        ',NULL),(235,14,'13','991820','18','Kab. Pacitan                                      ',NULL),(236,14,'13','991621','19','Kab. Pamekasan                                    ',NULL),(237,14,'13','991706','20','Kab. Pasuruan                                     ',NULL),(238,14,'13','991816','21','Kab. Ponorogo                                     ',NULL),(239,14,'13','991710','22','Kab. Probolinggo                                  ',NULL),(240,14,'13','991617','23','Kab. Sampang                                      ',NULL),(241,14,'13','991595','24','Kab. Sidoarjo                                     ',NULL),(242,14,'13','991663','25','Kab. Situbondo                                    ',NULL),(243,14,'13','991638','26','Kab. Sumenep                                      ',NULL),(244,14,'13','991769','27','Kab. Trenggalek                                   ',NULL),(245,14,'13','991841','28','Kab. Tuban                                        ',NULL),(246,14,'13','991748','29','Kab. Tulungagung                                  ',NULL),(247,14,'13','991912','30','Kota Blitar                                       ',NULL),(248,14,'13','991926','31','Kota Kediri                                       ',NULL),(249,14,'13','991930','32','Kota Madiun                                       ',NULL),(250,14,'13','991883','33','Kota Malang                                       ',NULL),(251,14,'13','991879','34','Kota Mojokerto                                    ',NULL),(252,14,'13','991890','35','Kota Pasuruan                                     ',NULL),(253,14,'13','991905','36','Kota Probolinggo                                  ',NULL),(254,14,'13','991862','37','Kota Surabaya                                     ',NULL),(255,14,'13','994761','38','Kota Batu                                         ',NULL),(256,15,'14','991947','00','Provinsi Kalimantan Barat                         ',NULL),(257,15,'14','980227','01','Kab. Bengkayang                                   ',NULL),(258,15,'14','980231','02','Kab. Landak                                       ',NULL),(259,15,'14','991993','03','Kab. Kapuas Hulu                                  ',NULL),(260,15,'14','992008','04','Kab. Ketapang                                     ',NULL),(261,15,'14','991989','05','Kab. Pontianak                                    ',NULL),(262,15,'14','991951','06','Kab. Sambas                                       ',NULL),(263,15,'14','991968','07','Kab. Sanggau                                      ',NULL),(264,15,'14','991972','08','Kab. Sintang                                      ',NULL),(265,15,'14','992012','09','Kota Pontianak                                    ',NULL),(266,15,'14','994775','10','Kota Singkawang                                   ',NULL),(267,15,'14','987507','11','Kab. Sekadau                                      ',NULL),(268,15,'14','987492','12','Kab. Melawi                                       ',NULL),(269,15,'14','963358','13','Kab. Kayong Utara                                 ',NULL),(270,15,'14','975616','14','Kab. Kubu Raya                                    ',NULL),(271,16,'15','992029','00','Provinsi Kalimantan Tengah                        ',NULL),(272,16,'15','992054','01','Kab. Barito Selatan                               ',NULL),(273,16,'15','992040','02','Kab. Barito Utara                                 ',NULL),(274,16,'15','992033','03','Kab. Kapuas                                       ',NULL),(275,16,'15','992075','04','Kab. Kotawaringin Barat                           ',NULL),(276,16,'15','992061','05','Kab. Kotawaringin Timur                           ',NULL),(277,16,'15','992082','06','Kota Palangkaraya                                 ',NULL),(278,16,'15','997472','07','Kab. Katingan                                     ',NULL),(279,16,'15','997489','08','Kab. Seruyan                                      ',NULL),(280,16,'15','997493','09','Kab. Sukamara                                     ',NULL),(281,16,'15','997501','10','Kab. Lamandau                                     ',NULL),(282,16,'15','997515','11','Kab. Gunung Mas                                   ',NULL),(283,16,'15','997522','12','Kab. Pulang Pisau                                 ',NULL),(284,16,'15','997536','13','Kab. Murung Raya                                  ',NULL),(285,16,'15','997540','14','Kab. Barito Timur                                 ',NULL),(286,17,'16','992164','00','Provinsi Kalimantan Selatan                       ',NULL),(287,17,'16','992171','01','Kab. Banjar                                       ',NULL),(288,17,'16','992228','02','Kab. Barito Kuala                                 ',NULL),(289,17,'16','992207','03','Kab. Hulu Sungai Selatan                          ',NULL),(290,17,'16','992211','04','Kab. Hulu Sungai Tengah                           ',NULL),(291,17,'16','992253','05','Kab. Hulu Sungai Utara                            ',NULL),(292,17,'16','992249','06','Kab. Kotabaru                                     ',NULL),(293,17,'16','992232','07','Kab. Tabalong                                     ',NULL),(294,17,'16','992185','08','Kab. Tanah Laut                                   ',NULL),(295,17,'16','992192','09','Kab. Tapin                                        ',NULL),(296,17,'16','980248','10','Kota Banjarbaru                                   ',NULL),(297,17,'16','992260','11','Kota Banjarmasin                                  ',NULL),(298,17,'16','998236','12','Kab. Balangan                                     ',NULL),(299,17,'16','998222','13','Kab. Tanah Bumbu                                  ',NULL),(300,18,'17','992096','00','Provinsi Kalimantan Timur                         ',NULL),(301,18,'17','992139','01','Kab. Berau                                        ',NULL),(302,18,'17','992122','02','Kab. Bulungan                                     ',NULL),(303,18,'17','992101','03','Kab. Kutai Kartanegara                            ',NULL),(304,18,'17','980273','04','Kab. Kutai Barat                                  ',NULL),(305,18,'17','980280','05','Kab. Kutai Timur                                  ',NULL),(306,18,'17','980269','06','Kab. Malinau                                      ',NULL),(307,18,'17','980252','07','Kab. Nunukan                                      ',NULL),(308,18,'17','992118','08','Kab. Pasir                                        ',NULL),(309,18,'17','992150','09','Kota Balikpapan                                   ',NULL),(310,18,'17','980294','10','Kota Bontang                                      ',NULL),(311,18,'17','992143','11','Kota Samarinda                                    ',NULL),(312,18,'17','941901','12','Kota Tarakan                                      ',NULL),(313,18,'17','997561','13','Kab. Penajam Paser Utara                          ',NULL),(314,18,'17','975766','14','Kab. Tana Tidung                                  ',NULL),(315,19,'18','993021','00','Provinsi Sulawesi Utara                           ',NULL),(316,19,'18','993059','01','Kab. Bolaang Mongondow                            ',NULL),(317,19,'18','993042','02','Kab. Minahasa                                     ',NULL),(318,19,'18','993063','03','Kab. Sangihe                                      ',NULL),(319,19,'18','993091','04','Kota Bitung                                       ',NULL),(320,19,'18','993070','05','Kota Manado                                       ',NULL),(321,19,'18','997412','06','Kab. Kepulauan Talaud                             ',NULL),(322,19,'18','998240','07','Kab. Minahasa Selatan                             ',NULL),(323,19,'18','998257','08','Kota Tomohon                                      ',NULL),(324,19,'18','987485','09','Kab. Minahasa Utara                               ',NULL),(325,19,'18','963389','10','Kab. Kep. Siau Tagulandang Biaro                  ',NULL),(326,19,'18','963395','11','Kota Kotamobagu                                   ',NULL),(327,19,'18','963409','12','Kab. Bolaang Mongondow Utara                      ',NULL),(328,19,'18','963415','13','Kab. Minahasa Tenggara                            ',NULL),(329,19,'18','975022','14','Kab. Bolaang Mongondow Timur                      ',NULL),(330,19,'18','977860','15','Kab. Bolaang Mongondow Selatan                    ',NULL),(331,20,'19','992960','00','Provinsi Sulawesi Tengah                          ',NULL),(332,20,'19','993000','01','Kab. Banggai                                      ',NULL),(333,20,'19','980337','02','Kab. Banggai Kepulauan                            ',NULL),(334,20,'19','980316','03','Kab. Buol                                         ',NULL),(335,20,'19','992998','04','Kab. Toli-Toli                                    ',NULL),(336,20,'19','992981','05','Kab. Donggala                                     ',NULL),(337,20,'19','980320','06','Kab. Morowali                                     ',NULL),(338,20,'19','992977','07','Kab. Poso                                         ',NULL),(339,20,'19','993017','08','Kota Palu                                         ',NULL),(340,20,'19','997582','09','Kab. Parigi Moutong                               ',NULL),(341,20,'19','987471','10','Kab. Tojo Una Una                                 ',NULL),(342,20,'19','975172','11','Kab. Sigi                                         ',NULL),(343,21,'20','992722','00','Provinsi Sulawesi Selatan                         ',NULL),(344,21,'20','992846','01','Kab. Bantaeng                                     ',NULL),(345,21,'20','992888','02','Kab. Barru                                        ',NULL),(346,21,'20','992778','03','Kab. Bone                                         ',NULL),(347,21,'20','992832','04','Kab. Bulukumba                                    ',NULL),(348,21,'20','992935','05','Kab. Enrekang                                     ',NULL),(349,21,'20','992740','06','Kab. Gowa                                         ',NULL),(350,21,'20','992850','07','Kab. Jeneponto                                    ',NULL),(351,21,'20','992811','08','Kab. Luwu                                         ',NULL),(352,21,'20','980341','09','Kab. Luwu Utara                                   ',NULL),(353,21,'20','992799','10','Kab. Maros                                        ',NULL),(354,21,'20','992900','11','Kab. Pangkajene Kepulauan                         ',NULL),(355,21,'20','997604','12','Kota Palopo                                       ',NULL),(356,21,'20','928282','13','Kab. Luwu Timur                                   ',NULL),(357,21,'20','992736','14','Kab. Pinrang                                      ',NULL),(358,21,'20','992825','15','Kab. Sinjai                                       ',NULL),(359,21,'20','992867','16','Kab. Kepulauan Selayar                            ',NULL),(360,21,'20','992892','17','Kab. Sidenreng Rappang                            ',NULL),(361,21,'20','992914','19','Kab. Soppeng                                      ',NULL),(362,21,'20','992871','20','Kab. Takalar                                      ',NULL),(363,21,'20','992782','21','Kab. Tana Toraja                                  ',NULL),(364,21,'20','992757','22','Kab. Wajo                                         ',NULL),(365,21,'20','992956','23','Kota Pare-pare                                    ',NULL),(366,21,'20','992942','24','Kota Makassar                                     ',NULL),(367,21,'20','975327','25','Kab. Toraja Utara                                 ',NULL),(368,22,'21','993106','00','Provinsi Sulawesi Tenggara                        ',NULL),(369,22,'21','993127','01','Kab. Buton                                        ',NULL),(370,22,'21','993110','02','Kab. Konawe                                       ',NULL),(371,22,'21','993148','03','Kab. Kolaka                                       ',NULL),(372,22,'21','993131','04','Kab. Muna                                         ',NULL),(373,22,'21','993326','05','Kota Kendari                                      ',NULL),(374,22,'21','994782','06','Kota Bau-bau                                      ',NULL),(375,22,'21','998304','07','Kab. Konawe Selatan                               ',NULL),(376,22,'21','987642','08','Kab. Bombana                                      ',NULL),(377,22,'21','987638','09','Kab. Wakatobi                                     ',NULL),(378,22,'21','987443','10','Kab. Kolaka Utara                                 ',NULL),(379,22,'21','963364','11','Kab. Konawe Utara                                 ',NULL),(380,22,'21','963370','12','Kab. Buton Utara                                  ',NULL),(381,23,'22','992274','00','Provinsi Bali                                     ',NULL),(382,23,'22','992342','01','Kab. Badung                                       ',NULL),(383,23,'22','992338','02','Kab. Bangli                                       ',NULL),(384,23,'22','992281','03','Kab. Buleleng                                     ',NULL),(385,23,'22','992317','04','Kab. Gianyar                                      ',NULL),(386,23,'22','992295','05','Kab. Jembrana                                     ',NULL),(387,23,'22','992321','06','Kab. Karangasem                                   ',NULL),(388,23,'22','992300','07','Kab. Klungkung                                    ',NULL),(389,23,'22','992359','08','Kab. Tabanan                                      ',NULL),(390,23,'22','992363','09','Kota Denpasar                                     ',NULL),(391,24,'23','992370','00','Provinsi Nusa Tenggara Barat                      ',NULL),(392,24,'23','992410','01','Kab. Bima                                         ',NULL),(393,24,'23','992431','02','Kab. Dompu                                        ',NULL),(394,24,'23','992384','03','Kab. Lombok Barat                                 ',NULL),(395,24,'23','992391','04','Kab. Lombok Tengah                                ',NULL),(396,24,'23','992406','05','Kab. Lombok Timur                                 ',NULL),(397,24,'23','992427','06','Kab. Sumbawa                                      ',NULL),(398,24,'23','992448','07','Kota Mataram                                      ',NULL),(399,24,'23','997625','08','Kota Bima                                         ',NULL),(400,24,'23','987450','09','Kab. Sumbawa Barat                                ',NULL),(401,24,'23','975477','10','Kab. Lombok Utara                                 ',NULL),(402,25,'24','992452','00','Provinsi Nusa Tenggara Timur                      ',NULL),(403,25,'24','992502','01','Kab. Alor                                         ',NULL),(404,25,'24','992473','02','Kab. Belu                                         ',NULL),(405,25,'24','992537','03','Kab. Ende                                         ',NULL),(406,25,'24','992520','04','Kab. Flores Timur                                 ',NULL),(407,25,'24','992469','05','Kab. Kupang                                       ',NULL),(408,25,'24','980379','06','Kab. Lembata                                      ',NULL),(409,25,'24','992558','07','Kab. Manggarai                                    ',NULL),(410,25,'24','992541','08','Kab. Ngada                                        ',NULL),(411,25,'24','992516','09','Kab. Sikka                                        ',NULL),(412,25,'24','992579','10','Kab. Sumba Barat                                  ',NULL),(413,25,'24','992562','11','Kab. Sumba Timur                                  ',NULL),(414,25,'24','992494','12','Kab. Timor Tengah Selatan                         ',NULL),(415,25,'24','992480','13','Kab. Timor Tengah Utara                           ',NULL),(416,25,'24','993368','14','Kota Kupang                                       ',NULL),(417,25,'24','997578','15','Kab. Rote Ndao                                    ',NULL),(418,25,'24','998510','16','Kab. Manggarai Barat                              ',NULL),(419,25,'24','963430','17','Kab. Nagekeo                                      ',NULL),(420,25,'24','963446','18','Kab. Sumba Barat Daya                             ',NULL),(421,25,'24','963452','19','Kab. Sumba Tengah                                 ',NULL),(422,25,'24','975911','20','Kab. Manggarai Timur                              ',NULL),(423,25,'24','978542','21','Kab. Sabu Raijua                                  ',NULL),(424,26,'25','993152','00','Provinsi Maluku                                   ',NULL),(425,26,'25','980358','01','Kab. Maluku Tenggara Barat                        ',NULL),(426,26,'25','993169','02','Kab. Maluku Tengah                                ',NULL),(427,26,'25','993173','03','Kab. Maluku Tenggara                              ',NULL),(428,26,'25','980362','04','Kab. Buru                                         ',NULL),(429,26,'25','993202','05','Kota Ambon                                        ',NULL),(430,26,'25','987439','06','Kab. Seram Bagian Barat                           ',NULL),(431,26,'25','987422','07','Kab. Seram Bagian Timur                           ',NULL),(432,26,'25','987621','08','Kab. Kepulauan Aru                                ',NULL),(433,26,'25','976061','09','Kota Tual                                         ',NULL),(434,26,'25','975772','10','Kab. Maluku Barat Daya                            ',NULL),(435,26,'25','975622','11','Kab. Buru Selatan                                 ',NULL),(436,27,'26','993216','00','Provinsi Papua                                    ',NULL),(437,27,'26','993237','01','Kab. Biak Numfor                                  ',NULL),(438,27,'26','993220','02','Kab. Jayapura                                     ',NULL),(439,27,'26','993290','03','Kab. Jayawijaya                                   ',NULL),(440,27,'26','993283','04','Kab. Merauke                                      ',NULL),(441,27,'26','993401','05','Kab. Mimika                                       ',NULL),(442,27,'26','993305','06','Kab. Nabire                                       ',NULL),(443,27,'26','993393','07','Kab. Paniai                                       ',NULL),(444,27,'26','993389','08','Kab. Puncak Jaya                                  ',NULL),(445,27,'26','993258','09','Kab. Kepulauan Yapen                              ',NULL),(446,27,'26','993312','10','Kota Jayapura                                     ',NULL),(447,27,'26','998392','11','Kab. Sarmi                                        ',NULL),(448,27,'26','998400','12','Kab. Keerom                                       ',NULL),(449,27,'26','998477','13','Kab. Yahukimo                                     ',NULL),(450,27,'26','998421','14','Kab. Pegunungan Bintang                           ',NULL),(451,27,'26','998414','15','Kab. Tolikara                                     ',NULL),(452,27,'26','998388','16','Kab. Boven Digoel                                 ',NULL),(453,27,'26','998367','17','Kab. Mappi                                        ',NULL),(454,27,'26','998371','18','Kab. Asmat                                        ',NULL),(455,27,'26','998460','19','Kab. Waropen                                      ',NULL),(456,27,'26','987511','20','Kab. Supiori                                      ',NULL),(457,27,'26','963461','21','Kab. Mamberamo Raya                               ',NULL),(458,27,'26','976219','22','Kab. Mamberamo Tengah                             ',NULL),(459,27,'26','976369','23','Kab. Yalimo                                       ',NULL),(460,27,'26','976514','24','Kab. Lanny Jaya                                   ',NULL),(461,27,'26','976664','25','Kab. Nduga                                        ',NULL),(462,27,'26','976962','26','Kab. Dogiyai                                      ',NULL),(463,27,'26','976812','27','Kab. Puncak                                       ',NULL),(464,27,'26','978567','28','Kab. Intan Jaya                                   ',NULL),(465,27,'26','978573','29','Kab. Deiyai                                       ',NULL),(466,28,'27','980011','00','Provinsi Maluku Utara                             ',NULL),(467,28,'27','993194','01','Kab. Halmahera Tengah                             ',NULL),(468,28,'27','980028','02','Kota Ternate                                      ',NULL),(469,28,'27','993180','03','Kab. Halmahera Barat                              ',NULL),(470,28,'27','998346','04','Kab. Halmahera Timur                              ',NULL),(471,28,'27','998325','05','Kab. Halmahera Selatan                            ',NULL),(472,28,'27','998311','06','Kab. Halmahera Utara                              ',NULL),(473,28,'27','998332','07','Kab. Kepulauan Sula                               ',NULL),(474,28,'27','998350','08','Kota Tidore Kepulauan                             ',NULL),(475,28,'27','978551','09','Kab. Pulau Morotai                                ',NULL),(476,29,'28','993809','00','Provinsi Banten                                   ',NULL),(477,29,'28','990917','01','Kab. Lebak                                        ',NULL),(478,29,'28','990900','02','Kab. Pandeglang                                   ',NULL),(479,29,'28','990895','03','Kab. Serang                                       ',NULL),(480,29,'28','990921','04','Kab. Tangerang                                    ',NULL),(481,29,'28','980049','05','Kota Cilegon                                      ',NULL),(482,29,'28','991134','06','Kota Tangerang                                    ',NULL),(483,29,'28','975461','07','Kota Serang                                       ',NULL),(484,29,'28','978454','08','Kota Tangerang Selatan                            ',NULL),(485,30,'29','993813','00','Provinsi  Bangka Belitung                         ',NULL),(486,30,'29','990629','01','Kab. Bangka                                       ',NULL),(487,30,'29','990612','02','Kab. Belitung                                     ',NULL),(488,30,'29','990701','03','Kota Pangkal Pinang                               ',NULL),(489,30,'29','998189','04','Kab. Bangka Selatan                               ',NULL),(490,30,'29','998172','05','Kab. Bangka Tengah                                ',NULL),(491,30,'29','998168','06','Kab. Bangka Barat                                 ',NULL),(492,30,'29','998193','07','Kab. Belitung Timur                               ',NULL),(493,31,'30','993820','00','Provinsi Gorontalo                                ',NULL),(494,31,'30','980302','01','Kab. Boalemo                                      ',NULL),(495,31,'30','993038','02','Kab. Gorontalo                                    ',NULL),(496,31,'30','993084','03','Kota Gorontalo                                    ',NULL),(497,31,'30','998261','04','Kab. Pohuwato                                     ',NULL),(498,31,'30','998278','05','Kab. Bone Bolango                                 ',NULL),(499,31,'30','963421','06','Kab. Gorontalo Utara                              ',NULL),(500,32,'31','998840','00','Provinsi Kepulauan Riau                           ',NULL),(501,32,'31','980121','01','Kab. Natuna                                       ',NULL),(502,32,'31','977412','02','Kab. Kepulauan Anambas                            ',NULL),(503,32,'31','980117','03','Kab. Karimun                                      ',NULL),(504,32,'31','990523','04','Kota Batam                                        ',NULL),(505,32,'31','994708','05','Kota Tanjung Pinang                               ',NULL),(506,32,'31','987464','06','Kab. Lingga                                       ',NULL),(507,32,'31','990480','07','Kab. Bintan                                       ',NULL),(508,33,'32','998854','00','Provinsi Papua Barat                              ',NULL),(509,33,'32','993279','01','Kab. Fak Fak                                      ',NULL),(510,33,'32','993241','02','Kab. Manokwari                                    ',NULL),(511,33,'32','993262','03','Kab. Sorong                                       ',NULL),(512,33,'32','980383','04','Kota Sorong                                       ',NULL),(513,33,'32','998456','05','Kab. Raja Ampat                                   ',NULL),(514,33,'32','998442','06','Kab. Sorong Selatan                               ',NULL),(515,33,'32','998481','07','Kab. Teluk Bintuni                                ',NULL),(516,33,'32','998498','08','Kab. Teluk Wondama                                ',NULL),(517,33,'32','998435','09','Kab. Kaimana                                      ',NULL),(518,33,'32','978582','10','Kab. Maybrat                                      ',NULL),(519,33,'32','978598','11','Kab. Tambrauw                                     ',NULL),(520,34,'33','955383','00','Provinsi Sulawesi Barat                           ',NULL),(521,34,'33','992804','01','Kab. Majene                                       ',NULL),(522,34,'33','992761','02','Kab. Mamuju                                       ',NULL),(523,34,'33','992921','03','Kab. Polewali Mandar                              ',NULL),(524,34,'33','997599','04','Kab. Mamasa                                       ',NULL),(525,34,'33','998299','05','Kab. Mamuju Utara                                 ',NULL);
/*!40000 ALTER TABLE `tpemda` ENABLE KEYS */;
UNLOCK TABLES;

--
-- Table structure for table `tprofil`
--

DROP TABLE IF EXISTS `tprofil`;
/*!40101 SET @saved_cs_client     = @@character_set_client */;
/*!40101 SET character_set_client = utf8 */;
CREATE TABLE `tprofil` (
  `id_tprofil` int(11) NOT NULL AUTO_INCREMENT,
  `induk_tprofil` int(11) DEFAULT NULL COMMENT 'ID induk profil',
  `kd_profil` char(2) DEFAULT NULL COMMENT 'Kode profil',
  `nm_profil` varchar(100) DEFAULT NULL COMMENT 'Nama profil',
  `level` int(11) DEFAULT NULL COMMENT 'level profil',
  PRIMARY KEY (`id_tprofil`),
  KEY `induk_tprofil` (`induk_tprofil`),
  CONSTRAINT `tprofil_ibfk_1` FOREIGN KEY (`induk_tprofil`) REFERENCES `tprofil` (`id_tprofil`)
) ENGINE=InnoDB AUTO_INCREMENT=21 DEFAULT CHARSET=latin1;
/*!40101 SET character_set_client = @saved_cs_client */;

--
-- Dumping data for table `tprofil`
--

LOCK TABLES `tprofil` WRITE;
/*!40000 ALTER TABLE `tprofil` DISABLE KEYS */;
INSERT INTO `tprofil` VALUES (1,NULL,'00','Root',0),(2,1,'01','Admin SIKD',1),(3,1,'02','Admin SIMTRADAa',1),(4,2,'02','Admin DKD',2),(5,2,'01','Admin SIPRIDA',2),(9,4,'01','User Komandan',3),(14,4,'02','User Embuh',3),(16,3,'01','tes01',2),(20,3,'02','tes 02',2);
/*!40000 ALTER TABLE `tprofil` ENABLE KEYS */;
UNLOCK TABLES;

--
-- Table structure for table `tprofil_has_tmenu`
--

DROP TABLE IF EXISTS `tprofil_has_tmenu`;
/*!40101 SET @saved_cs_client     = @@character_set_client */;
/*!40101 SET character_set_client = utf8 */;
CREATE TABLE `tprofil_has_tmenu` (
  `idtprofil_has_tmenu` int(11) NOT NULL AUTO_INCREMENT,
  `id_tprofil` int(11) DEFAULT NULL,
  `id_menu` int(11) DEFAULT NULL,
  PRIMARY KEY (`idtprofil_has_tmenu`),
  KEY `id_menu` (`id_menu`),
  KEY `id_tprofil` (`id_tprofil`),
  CONSTRAINT `tprofil_has_tmenu_ibfk_1` FOREIGN KEY (`id_menu`) REFERENCES `tmenu` (`id_menu`),
  CONSTRAINT `tprofil_has_tmenu_ibfk_2` FOREIGN KEY (`id_tprofil`) REFERENCES `tprofil` (`id_tprofil`)
) ENGINE=InnoDB DEFAULT CHARSET=latin1;
/*!40101 SET character_set_client = @saved_cs_client */;

--
-- Dumping data for table `tprofil_has_tmenu`
--

LOCK TABLES `tprofil_has_tmenu` WRITE;
/*!40000 ALTER TABLE `tprofil_has_tmenu` DISABLE KEYS */;
/*!40000 ALTER TABLE `tprofil_has_tmenu` ENABLE KEYS */;
UNLOCK TABLES;

--
-- Table structure for table `tprov`
--

DROP TABLE IF EXISTS `tprov`;
/*!40101 SET @saved_cs_client     = @@character_set_client */;
/*!40101 SET character_set_client = utf8 */;
CREATE TABLE `tprov` (
  `idtprov` int(11) NOT NULL AUTO_INCREMENT,
  `kdprov` char(2) DEFAULT NULL,
  `urprov` varchar(200) DEFAULT NULL,
  `urprovsingkat` varchar(50) DEFAULT NULL,
  PRIMARY KEY (`idtprov`)
) ENGINE=InnoDB AUTO_INCREMENT=35 DEFAULT CHARSET=latin1;
/*!40101 SET character_set_client = @saved_cs_client */;

--
-- Dumping data for table `tprov`
--

LOCK TABLES `tprov` WRITE;
/*!40000 ALTER TABLE `tprov` DISABLE KEYS */;
INSERT INTO `tprov` VALUES (1,'00','Nasional','Nasional'),(2,'01','Provinsi Aceh   ','Prov.Aceh'),(3,'02','Provinsi Sumatera Utara                           ','Prov.Sumut'),(4,'03','Provinsi Sumatera Barat                           ','Prov.Sumbar'),(5,'04','Provinsi Riau                                     ','Prov.Riau'),(6,'05','Provinsi Jambi                                    ','Prov.Jambi'),(7,'06','Provinsi Sumatera Selatan                         ','Prov.Sumsel'),(8,'07','Provinsi  Bengkulu                                ','Prov.Bengkulu'),(9,'08','Provinsi  Lampung                                 ','Prov.Lampung'),(10,'09','Provinsi DKI Jakarta                              ','Prov.DKI'),(11,'10','Provinsi Jawa Barat                               ','Prov.Jabar'),(12,'11','Provinsi Jawa Tengah                              ','Prov.Jateng'),(13,'12','Provinsi DI Yogyakarta                            ','Prov.Yogyakarta'),(14,'13','Provinsi Jawa Timur                               ','Prov.Jatim'),(15,'14','Provinsi Kalimantan Barat                         ','Prov.Kalbar'),(16,'15','Provinsi Kalimantan Tengah                        ','Prov.Kalteng'),(17,'16','Provinsi Kalimantan Selatan                       ','Prov.Kalsel'),(18,'17','Provinsi Kalimantan Timur                         ','Prov.Kaltim'),(19,'18','Provinsi Sulawesi Utara                           ','Prov.Sulut'),(20,'19','Provinsi Sulawesi Tengah                          ','Prov.Sulteng'),(21,'20','Provinsi Sulawesi Selatan                         ','Prov.Sulsel'),(22,'21','Provinsi Sulawesi Tenggara                        ','Prov.Sultra'),(23,'22','Provinsi Bali                                     ','Prov.Bali'),(24,'23','Provinsi Nusa Tenggara Barat                      ','Prov.NTB'),(25,'24','Provinsi Nusa Tenggara Timur                      ','Prov.NTT'),(26,'25','Provinsi Maluku                                   ','Prov.Maluku'),(27,'26','Provinsi Papua                                    ','Prov.Papua'),(28,'27','Provinsi Maluku Utara                             ','Prov.Malut'),(29,'28','Provinsi Banten                                   ','Prov.Banten'),(30,'29','Provinsi  Bangka Belitung                         ','Prov.Babel'),(31,'30','Provinsi Gorontalo                                ','Prov.Gorontalo'),(32,'31','Provinsi Kepulauan Riau                           ','Prov.Kepri                                        '),(33,'32','Provinsi Papua Barat                              ','Prov.Papua'),(34,'33','Provinsi Sulawesi Barat                           ','Prov.Sulbar');
/*!40000 ALTER TABLE `tprov` ENABLE KEYS */;
UNLOCK TABLES;

--
-- Table structure for table `ttahun`
--

DROP TABLE IF EXISTS `ttahun`;
/*!40101 SET @saved_cs_client     = @@character_set_client */;
/*!40101 SET character_set_client = utf8 */;
CREATE TABLE `ttahun` (
  `tahun` char(4) NOT NULL,
  PRIMARY KEY (`tahun`)
) ENGINE=InnoDB DEFAULT CHARSET=latin1;
/*!40101 SET character_set_client = @saved_cs_client */;

--
-- Dumping data for table `ttahun`
--

LOCK TABLES `ttahun` WRITE;
/*!40000 ALTER TABLE `ttahun` DISABLE KEYS */;
/*!40000 ALTER TABLE `ttahun` ENABLE KEYS */;
UNLOCK TABLES;

--
-- Table structure for table `tuser`
--

DROP TABLE IF EXISTS `tuser`;
/*!40101 SET @saved_cs_client     = @@character_set_client */;
/*!40101 SET character_set_client = utf8 */;
CREATE TABLE `tuser` (
  `id_user` int(11) NOT NULL AUTO_INCREMENT,
  `userid` varchar(200) DEFAULT NULL,
  `pwd` varchar(200) DEFAULT NULL,
  `id_grup` int(11) DEFAULT NULL,
  `tanggal_dibuat` timestamp NULL DEFAULT CURRENT_TIMESTAMP,
  `tanggal_diubah` datetime DEFAULT NULL,
  `dibuat_oleh` int(11) DEFAULT NULL,
  `diubah_oleh` int(11) DEFAULT NULL,
  `id_tprofil` int(11) DEFAULT NULL,
  `id_twilkerja` int(11) DEFAULT NULL,
  `isaktif` tinyint(1) DEFAULT NULL,
  PRIMARY KEY (`id_user`),
  KEY `dibuat_oleh` (`dibuat_oleh`),
  KEY `diubah_oleh` (`diubah_oleh`),
  KEY `id_tprofil` (`id_tprofil`),
  KEY `id_twilkerja` (`id_twilkerja`),
  CONSTRAINT `tuser_ibfk_1` FOREIGN KEY (`dibuat_oleh`) REFERENCES `tuser` (`id_user`),
  CONSTRAINT `tuser_ibfk_2` FOREIGN KEY (`diubah_oleh`) REFERENCES `tuser` (`id_user`),
  CONSTRAINT `tuser_ibfk_3` FOREIGN KEY (`id_tprofil`) REFERENCES `tprofil` (`id_tprofil`),
  CONSTRAINT `tuser_ibfk_4` FOREIGN KEY (`id_twilkerja`) REFERENCES `twilkerja` (`idtwilkerja`)
) ENGINE=InnoDB AUTO_INCREMENT=2 DEFAULT CHARSET=latin1;
/*!40101 SET character_set_client = @saved_cs_client */;

--
-- Dumping data for table `tuser`
--

LOCK TABLES `tuser` WRITE;
/*!40000 ALTER TABLE `tuser` DISABLE KEYS */;
INSERT INTO `tuser` VALUES (1,'r','r',NULL,'2014-01-11 15:21:56',NULL,NULL,NULL,1,NULL,1);
/*!40000 ALTER TABLE `tuser` ENABLE KEYS */;
UNLOCK TABLES;

--
-- Table structure for table `twilkerja`
--

DROP TABLE IF EXISTS `twilkerja`;
/*!40101 SET @saved_cs_client     = @@character_set_client */;
/*!40101 SET character_set_client = utf8 */;
CREATE TABLE `twilkerja` (
  `idtwilkerja` int(11) NOT NULL AUTO_INCREMENT,
  `nmwilkerja` varchar(200) DEFAULT NULL,
  PRIMARY KEY (`idtwilkerja`)
) ENGINE=InnoDB AUTO_INCREMENT=526 DEFAULT CHARSET=latin1;
/*!40101 SET character_set_client = @saved_cs_client */;

--
-- Dumping data for table `twilkerja`
--

LOCK TABLES `twilkerja` WRITE;
/*!40000 ALTER TABLE `twilkerja` DISABLE KEYS */;
INSERT INTO `twilkerja` VALUES (1,'Nasional'),(2,'Provinsi Aceh'),(3,'Kab. Aceh Barat                                   '),(4,'Kab. Aceh Besar                                   '),(5,'Kab. Aceh Selatan                                 '),(6,'Kab. Aceh Singkil                                 '),(7,'Kab. Aceh Tengah                                  '),(8,'Kab. Aceh Tenggara                                '),(9,'Kab. Aceh Timur                                   '),(10,'Kab. Aceh Utara                                   '),(11,'Kab. Bireuen                                      '),(12,'Kab. Pidie                                        '),(13,'Kab. Simeulue                                     '),(14,'Kota Banda Aceh                                   '),(15,'Kota Sabang                                       '),(16,'Kota Langsa                                       '),(17,'Kota Lhokseumawe                                  '),(18,'Kab. Gayo Lues                                    '),(19,'Kab. Aceh Barat Daya                              '),(20,'Kab. Aceh Jaya                                    '),(21,'Kab. Nagan Raya                                   '),(22,'Kab. Aceh Tamiang                                 '),(23,'Kab. Bener Meriah                                 '),(24,'Kab. Pidie Jaya                                   '),(25,'Kota Subulussalam                                 '),(26,'Provinsi Sumatera Utara                           '),(27,'Kab. Asahan                                       '),(28,'Kab. Dairi                                        '),(29,'Kab. Deli Serdang                                 '),(30,'Kab. Tanah Karo                                   '),(31,'Kab. Labuhan Batu                                 '),(32,'Kab. Langkat                                      '),(33,'Kab. Mandailing Natal                             '),(34,'Kab. Nias                                         '),(35,'Kab. Simalungun                                   '),(36,'Kab. Tapanuli Selatan                             '),(37,'Kab. Tapanuli Tengah                              '),(38,'Kab. Tapanuli Utara                               '),(39,'Kab. Toba Samosir                                 '),(40,'Kota Binjai                                       '),(41,'Kota Medan                                        '),(42,'Kota Pematang Siantar                             '),(43,'Kota Sibolga                                      '),(44,'Kota Tanjung Balai                                '),(45,'Kota Tebing Tinggi                                '),(46,'Kota Padang Sidempuan                             '),(47,'Kab. Pakpak Bharat                                '),(48,'Kab. Nias Selatan                                 '),(49,'Kab. Humbang Hasundutan                           '),(50,'Kab. Serdang Berdagai                             '),(51,'Kab. Samosir                                      '),(52,'Kab. Batu Bara                                    '),(53,'Kab. Padang Lawas                                 '),(54,'Kab. Padang Lawas Utara                           '),(55,'Kab. Labuhan Batu Selatan                         '),(56,'Kab. Labuhan Batu Utara                           '),(57,'Kab. Nias Utara                                   '),(58,'Kab. Nias Barat                                   '),(59,'Kota Gunungsitoli                                 '),(60,'Provinsi Sumatera Barat                           '),(61,'Kab. Limapuluh Kota                               '),(62,'Kab. Agam                                         '),(63,'Kab. Kepulauan Mentawai                           '),(64,'Kab. Padang Pariaman                              '),(65,'Kab. Pasaman                                      '),(66,'Kab. Pesisir Selatan                              '),(67,'Kab. Sijunjung                                    '),(68,'Kab. Solok                                        '),(69,'Kab. Tanah Datar                                  '),(70,'Kota Bukit Tinggi                                 '),(71,'Kota Padang Panjang                               '),(72,'Kota Padang                                       '),(73,'Kota Payakumbuh                                   '),(74,'Kota Sawahlunto                                   '),(75,'Kota Solok                                        '),(76,'Kota Pariaman                                     '),(77,'Kab. Pasaman Barat                                '),(78,'Kab. Dharmasraya                                  '),(79,'Kab. Solok Selatan                                '),(80,'Provinsi Riau                                     '),(81,'Kab. Bengkalis                                    '),(82,'Kab. Indragiri Hilir                              '),(83,'Kab. Indragiri Hulu                               '),(84,'Kab. Kampar                                       '),(85,'Kab. Kuantan Singingi                             '),(86,'Kab. Pelalawan                                    '),(87,'Kab. Rokan Hilir                                  '),(88,'Kab. Rokan Hulu                                   '),(89,'Kab. Siak                                         '),(90,'Kota Dumai                                        '),(91,'Kota Pekanbaru                                    '),(92,'Kab. Kepulauan Meranti                            '),(93,'Provinsi Jambi                                    '),(94,'Kab. Batanghari                                   '),(95,'Kab. Bungo                                        '),(96,'Kab. Kerinci                                      '),(97,'Kab. Merangin                                     '),(98,'Kab. Muaro Jambi                                  '),(99,'Kab. Sarolangun                                   '),(100,'Kab. Tanjung Jabung Barat                         '),(101,'Kab. Tanjung Jabung Timur                         '),(102,'Kab. Tebo                                         '),(103,'Kota Jambi                                        '),(104,'Kota Sungai Penuh                                 '),(105,'Provinsi Sumatera Selatan                         '),(106,'Kab. Lahat                                        '),(107,'Kab. Musi Banyuasin                               '),(108,'Kab. Musi Rawas                                   '),(109,'Kab. Muara Enim                                   '),(110,'Kab. Ogan Komering Ilir                           '),(111,'Kab. Ogan Komering Ulu                            '),(112,'Kota Palembang                                    '),(113,'Kota Prabumulih                                   '),(114,'Kota Pagar Alam                                   '),(115,'Kota Lubuk Linggau                                '),(116,'Kab. Banyuasin                                    '),(117,'Kab. Ogan Ilir                                    '),(118,'Kab. OKU Timur                                    '),(119,'Kab. OKU Selatan                                  '),(120,'Kab. Empat Lawang                                 '),(121,'Provinsi  Bengkulu                                '),(122,'Kab. Bengkulu Selatan                             '),(123,'Kab. Bengkulu Utara                               '),(124,'Kab. Rejang Lebong                                '),(125,'Kota Bengkulu                                     '),(126,'Kab. Kaur                                         '),(127,'Kab. Seluma                                       '),(128,'Kab. Mukomuko                                     '),(129,'Kab. Lebong                                       '),(130,'Kab. Kepahiang                                    '),(131,'Kab. Bengkulu Tengah                              '),(132,'Provinsi  Lampung                                 '),(133,'Kab. Lampung Barat                                '),(134,'Kab. Lampung Selatan                              '),(135,'Kab. Lampung Tengah                               '),(136,'Kab. Lampung Utara                                '),(137,'Kab. Lampung Timur                                '),(138,'Kab. Tanggamus                                    '),(139,'Kab. Tulang Bawang                                '),(140,'Kab. Way Kanan                                    '),(141,'Kota Bandar Lampung                               '),(142,'Kota Metro                                        '),(143,'Kab. Pesawaran                                    '),(144,'Kab. Pringsewu                                    '),(145,'Kab. Mesuji                                       '),(146,'Kab. Tulang Bawang Barat                          '),(147,'Provinsi DKI Jakarta                              '),(148,'Provinsi Jawa Barat                               '),(149,'Kab. Bandung                                      '),(150,'Kab. Bekasi                                       '),(151,'Kab. Bogor                                        '),(152,'Kab. Ciamis                                       '),(153,'Kab. Cianjur                                      '),(154,'Kab. Cirebon                                      '),(155,'Kab. Garut                                        '),(156,'Kab. Indramayu                                    '),(157,'Kab. Karawang                                     '),(158,'Kab. Kuningan                                     '),(159,'Kab. Majalengka                                   '),(160,'Kab. Purwakarta                                   '),(161,'Kab. Subang                                       '),(162,'Kab. Sukabumi                                     '),(163,'Kab. Sumedang                                     '),(164,'Kab. Tasikmalaya                                  '),(165,'Kota Bandung                                      '),(166,'Kota Bekasi                                       '),(167,'Kota Bogor                                        '),(168,'Kota Cirebon                                      '),(169,'Kota Depok                                        '),(170,'Kota Sukabumi                                     '),(171,'Kota Tasikmalaya                                  '),(172,'Kota Cimahi                                       '),(173,'Kota Banjar                                       '),(174,'Kab. Bandung Barat                                '),(175,'Provinsi Jawa Tengah                              '),(176,'Kab. Banjarnegara                                 '),(177,'Kab. Banyumas                                     '),(178,'Kab. Batang                                       '),(179,'Kab. Blora                                        '),(180,'Kab. Boyolali                                     '),(181,'Kab. Brebes                                       '),(182,'Kab. Cilacap                                      '),(183,'Kab. Demak                                        '),(184,'Kab. Grobogan                                     '),(185,'Kab. Jepara                                       '),(186,'Kab. Karanganyar                                  '),(187,'Kab. Kebumen                                      '),(188,'Kab. Kendal                                       '),(189,'Kab. Klaten                                       '),(190,'Kab. Kudus                                        '),(191,'Kab. Magelang                                     '),(192,'Kab. Pati                                         '),(193,'Kab. Pekalongan                                   '),(194,'Kab. Pemalang                                     '),(195,'Kab. Purbalingga                                  '),(196,'Kab. Purworejo                                    '),(197,'Kab. Rembang                                      '),(198,'Kab. Semarang                                     '),(199,'Kab. Sragen                                       '),(200,'Kab. Sukoharjo                                    '),(201,'Kab. Tegal                                        '),(202,'Kab. Temanggung                                   '),(203,'Kab. Wonogiri                                     '),(204,'Kab. Wonosobo                                     '),(205,'Kota Magelang                                     '),(206,'Kota Pekalongan                                   '),(207,'Kota Salatiga                                     '),(208,'Kota Semarang                                     '),(209,'Kota Surakarta                                    '),(210,'Kota Tegal                                        '),(211,'Provinsi DI Yogyakarta                            '),(212,'Kab. Bantul                                       '),(213,'Kab. Gunung Kidul                                 '),(214,'Kab. Kulon Progo                                  '),(215,'Kab. Sleman                                       '),(216,'Kota Yogyakarta                                   '),(217,'Provinsi Jawa Timur                               '),(218,'Kab. Bangkalan                                    '),(219,'Kab. Banyuwangi                                   '),(220,'Kab. Blitar                                       '),(221,'Kab. Bojonegoro                                   '),(222,'Kab. Bondowoso                                    '),(223,'Kab. Gresik                                       '),(224,'Kab. Jember                                       '),(225,'Kab. Jombang                                      '),(226,'Kab. Kediri                                       '),(227,'Kab. Lamongan                                     '),(228,'Kab. Lumajang                                     '),(229,'Kab. Madiun                                       '),(230,'Kab. Magetan                                      '),(231,'Kab. Malang                                       '),(232,'Kab. Mojokerto                                    '),(233,'Kab. Nganjuk                                      '),(234,'Kab. Ngawi                                        '),(235,'Kab. Pacitan                                      '),(236,'Kab. Pamekasan                                    '),(237,'Kab. Pasuruan                                     '),(238,'Kab. Ponorogo                                     '),(239,'Kab. Probolinggo                                  '),(240,'Kab. Sampang                                      '),(241,'Kab. Sidoarjo                                     '),(242,'Kab. Situbondo                                    '),(243,'Kab. Sumenep                                      '),(244,'Kab. Trenggalek                                   '),(245,'Kab. Tuban                                        '),(246,'Kab. Tulungagung                                  '),(247,'Kota Blitar                                       '),(248,'Kota Kediri                                       '),(249,'Kota Madiun                                       '),(250,'Kota Malang                                       '),(251,'Kota Mojokerto                                    '),(252,'Kota Pasuruan                                     '),(253,'Kota Probolinggo                                  '),(254,'Kota Surabaya                                     '),(255,'Kota Batu                                         '),(256,'Provinsi Kalimantan Barat                         '),(257,'Kab. Bengkayang                                   '),(258,'Kab. Landak                                       '),(259,'Kab. Kapuas Hulu                                  '),(260,'Kab. Ketapang                                     '),(261,'Kab. Pontianak                                    '),(262,'Kab. Sambas                                       '),(263,'Kab. Sanggau                                      '),(264,'Kab. Sintang                                      '),(265,'Kota Pontianak                                    '),(266,'Kota Singkawang                                   '),(267,'Kab. Sekadau                                      '),(268,'Kab. Melawi                                       '),(269,'Kab. Kayong Utara                                 '),(270,'Kab. Kubu Raya                                    '),(271,'Provinsi Kalimantan Tengah                        '),(272,'Kab. Barito Selatan                               '),(273,'Kab. Barito Utara                                 '),(274,'Kab. Kapuas                                       '),(275,'Kab. Kotawaringin Barat                           '),(276,'Kab. Kotawaringin Timur                           '),(277,'Kota Palangkaraya                                 '),(278,'Kab. Katingan                                     '),(279,'Kab. Seruyan                                      '),(280,'Kab. Sukamara                                     '),(281,'Kab. Lamandau                                     '),(282,'Kab. Gunung Mas                                   '),(283,'Kab. Pulang Pisau                                 '),(284,'Kab. Murung Raya                                  '),(285,'Kab. Barito Timur                                 '),(286,'Provinsi Kalimantan Selatan                       '),(287,'Kab. Banjar                                       '),(288,'Kab. Barito Kuala                                 '),(289,'Kab. Hulu Sungai Selatan                          '),(290,'Kab. Hulu Sungai Tengah                           '),(291,'Kab. Hulu Sungai Utara                            '),(292,'Kab. Kotabaru                                     '),(293,'Kab. Tabalong                                     '),(294,'Kab. Tanah Laut                                   '),(295,'Kab. Tapin                                        '),(296,'Kota Banjarbaru                                   '),(297,'Kota Banjarmasin                                  '),(298,'Kab. Balangan                                     '),(299,'Kab. Tanah Bumbu                                  '),(300,'Provinsi Kalimantan Timur                         '),(301,'Kab. Berau                                        '),(302,'Kab. Bulungan                                     '),(303,'Kab. Kutai Kartanegara                            '),(304,'Kab. Kutai Barat                                  '),(305,'Kab. Kutai Timur                                  '),(306,'Kab. Malinau                                      '),(307,'Kab. Nunukan                                      '),(308,'Kab. Pasir                                        '),(309,'Kota Balikpapan                                   '),(310,'Kota Bontang                                      '),(311,'Kota Samarinda                                    '),(312,'Kota Tarakan                                      '),(313,'Kab. Penajam Paser Utara                          '),(314,'Kab. Tana Tidung                                  '),(315,'Provinsi Sulawesi Utara                           '),(316,'Kab. Bolaang Mongondow                            '),(317,'Kab. Minahasa                                     '),(318,'Kab. Sangihe                                      '),(319,'Kota Bitung                                       '),(320,'Kota Manado                                       '),(321,'Kab. Kepulauan Talaud                             '),(322,'Kab. Minahasa Selatan                             '),(323,'Kota Tomohon                                      '),(324,'Kab. Minahasa Utara                               '),(325,'Kab. Kep. Siau Tagulandang Biaro                  '),(326,'Kota Kotamobagu                                   '),(327,'Kab. Bolaang Mongondow Utara                      '),(328,'Kab. Minahasa Tenggara                            '),(329,'Kab. Bolaang Mongondow Timur                      '),(330,'Kab. Bolaang Mongondow Selatan                    '),(331,'Provinsi Sulawesi Tengah                          '),(332,'Kab. Banggai                                      '),(333,'Kab. Banggai Kepulauan                            '),(334,'Kab. Buol                                         '),(335,'Kab. Toli-Toli                                    '),(336,'Kab. Donggala                                     '),(337,'Kab. Morowali                                     '),(338,'Kab. Poso                                         '),(339,'Kota Palu                                         '),(340,'Kab. Parigi Moutong                               '),(341,'Kab. Tojo Una Una                                 '),(342,'Kab. Sigi                                         '),(343,'Provinsi Sulawesi Selatan                         '),(344,'Kab. Bantaeng                                     '),(345,'Kab. Barru                                        '),(346,'Kab. Bone                                         '),(347,'Kab. Bulukumba                                    '),(348,'Kab. Enrekang                                     '),(349,'Kab. Gowa                                         '),(350,'Kab. Jeneponto                                    '),(351,'Kab. Luwu                                         '),(352,'Kab. Luwu Utara                                   '),(353,'Kab. Maros                                        '),(354,'Kab. Pangkajene Kepulauan                         '),(355,'Kota Palopo                                       '),(356,'Kab. Luwu Timur                                   '),(357,'Kab. Pinrang                                      '),(358,'Kab. Sinjai                                       '),(359,'Kab. Kepulauan Selayar                            '),(360,'Kab. Sidenreng Rappang                            '),(361,'Kab. Soppeng                                      '),(362,'Kab. Takalar                                      '),(363,'Kab. Tana Toraja                                  '),(364,'Kab. Wajo                                         '),(365,'Kota Pare-pare                                    '),(366,'Kota Makassar                                     '),(367,'Kab. Toraja Utara                                 '),(368,'Provinsi Sulawesi Tenggara                        '),(369,'Kab. Buton                                        '),(370,'Kab. Konawe                                       '),(371,'Kab. Kolaka                                       '),(372,'Kab. Muna                                         '),(373,'Kota Kendari                                      '),(374,'Kota Bau-bau                                      '),(375,'Kab. Konawe Selatan                               '),(376,'Kab. Bombana                                      '),(377,'Kab. Wakatobi                                     '),(378,'Kab. Kolaka Utara                                 '),(379,'Kab. Konawe Utara                                 '),(380,'Kab. Buton Utara                                  '),(381,'Provinsi Bali                                     '),(382,'Kab. Badung                                       '),(383,'Kab. Bangli                                       '),(384,'Kab. Buleleng                                     '),(385,'Kab. Gianyar                                      '),(386,'Kab. Jembrana                                     '),(387,'Kab. Karangasem                                   '),(388,'Kab. Klungkung                                    '),(389,'Kab. Tabanan                                      '),(390,'Kota Denpasar                                     '),(391,'Provinsi Nusa Tenggara Barat                      '),(392,'Kab. Bima                                         '),(393,'Kab. Dompu                                        '),(394,'Kab. Lombok Barat                                 '),(395,'Kab. Lombok Tengah                                '),(396,'Kab. Lombok Timur                                 '),(397,'Kab. Sumbawa                                      '),(398,'Kota Mataram                                      '),(399,'Kota Bima                                         '),(400,'Kab. Sumbawa Barat                                '),(401,'Kab. Lombok Utara                                 '),(402,'Provinsi Nusa Tenggara Timur                      '),(403,'Kab. Alor                                         '),(404,'Kab. Belu                                         '),(405,'Kab. Ende                                         '),(406,'Kab. Flores Timur                                 '),(407,'Kab. Kupang                                       '),(408,'Kab. Lembata                                      '),(409,'Kab. Manggarai                                    '),(410,'Kab. Ngada                                        '),(411,'Kab. Sikka                                        '),(412,'Kab. Sumba Barat                                  '),(413,'Kab. Sumba Timur                                  '),(414,'Kab. Timor Tengah Selatan                         '),(415,'Kab. Timor Tengah Utara                           '),(416,'Kota Kupang                                       '),(417,'Kab. Rote Ndao                                    '),(418,'Kab. Manggarai Barat                              '),(419,'Kab. Nagekeo                                      '),(420,'Kab. Sumba Barat Daya                             '),(421,'Kab. Sumba Tengah                                 '),(422,'Kab. Manggarai Timur                              '),(423,'Kab. Sabu Raijua                                  '),(424,'Provinsi Maluku                                   '),(425,'Kab. Maluku Tenggara Barat                        '),(426,'Kab. Maluku Tengah                                '),(427,'Kab. Maluku Tenggara                              '),(428,'Kab. Buru                                         '),(429,'Kota Ambon                                        '),(430,'Kab. Seram Bagian Barat                           '),(431,'Kab. Seram Bagian Timur                           '),(432,'Kab. Kepulauan Aru                                '),(433,'Kota Tual                                         '),(434,'Kab. Maluku Barat Daya                            '),(435,'Kab. Buru Selatan                                 '),(436,'Provinsi Papua                                    '),(437,'Kab. Biak Numfor                                  '),(438,'Kab. Jayapura                                     '),(439,'Kab. Jayawijaya                                   '),(440,'Kab. Merauke                                      '),(441,'Kab. Mimika                                       '),(442,'Kab. Nabire                                       '),(443,'Kab. Paniai                                       '),(444,'Kab. Puncak Jaya                                  '),(445,'Kab. Kepulauan Yapen                              '),(446,'Kota Jayapura                                     '),(447,'Kab. Sarmi                                        '),(448,'Kab. Keerom                                       '),(449,'Kab. Yahukimo                                     '),(450,'Kab. Pegunungan Bintang                           '),(451,'Kab. Tolikara                                     '),(452,'Kab. Boven Digoel                                 '),(453,'Kab. Mappi                                        '),(454,'Kab. Asmat                                        '),(455,'Kab. Waropen                                      '),(456,'Kab. Supiori                                      '),(457,'Kab. Mamberamo Raya                               '),(458,'Kab. Mamberamo Tengah                             '),(459,'Kab. Yalimo                                       '),(460,'Kab. Lanny Jaya                                   '),(461,'Kab. Nduga                                        '),(462,'Kab. Dogiyai                                      '),(463,'Kab. Puncak                                       '),(464,'Kab. Intan Jaya                                   '),(465,'Kab. Deiyai                                       '),(466,'Provinsi Maluku Utara                             '),(467,'Kab. Halmahera Tengah                             '),(468,'Kota Ternate                                      '),(469,'Kab. Halmahera Barat                              '),(470,'Kab. Halmahera Timur                              '),(471,'Kab. Halmahera Selatan                            '),(472,'Kab. Halmahera Utara                              '),(473,'Kab. Kepulauan Sula                               '),(474,'Kota Tidore Kepulauan                             '),(475,'Kab. Pulau Morotai                                '),(476,'Provinsi Banten                                   '),(477,'Kab. Lebak                                        '),(478,'Kab. Pandeglang                                   '),(479,'Kab. Serang                                       '),(480,'Kab. Tangerang                                    '),(481,'Kota Cilegon                                      '),(482,'Kota Tangerang                                    '),(483,'Kota Serang                                       '),(484,'Kota Tangerang Selatan                            '),(485,'Provinsi  Bangka Belitung                         '),(486,'Kab. Bangka                                       '),(487,'Kab. Belitung                                     '),(488,'Kota Pangkal Pinang                               '),(489,'Kab. Bangka Selatan                               '),(490,'Kab. Bangka Tengah                                '),(491,'Kab. Bangka Barat                                 '),(492,'Kab. Belitung Timur                               '),(493,'Provinsi Gorontalo                                '),(494,'Kab. Boalemo                                      '),(495,'Kab. Gorontalo                                    '),(496,'Kota Gorontalo                                    '),(497,'Kab. Pohuwato                                     '),(498,'Kab. Bone Bolango                                 '),(499,'Kab. Gorontalo Utara                              '),(500,'Provinsi Kepulauan Riau                           '),(501,'Kab. Natuna                                       '),(502,'Kab. Kepulauan Anambas                            '),(503,'Kab. Karimun                                      '),(504,'Kota Batam                                        '),(505,'Kota Tanjung Pinang                               '),(506,'Kab. Lingga                                       '),(507,'Kab. Bintan                                       '),(508,'Provinsi Papua Barat                              '),(509,'Kab. Fak Fak                                      '),(510,'Kab. Manokwari                                    '),(511,'Kab. Sorong                                       '),(512,'Kota Sorong                                       '),(513,'Kab. Raja Ampat                                   '),(514,'Kab. Sorong Selatan                               '),(515,'Kab. Teluk Bintuni                                '),(516,'Kab. Teluk Wondama                                '),(517,'Kab. Kaimana                                      '),(518,'Kab. Maybrat                                      '),(519,'Kab. Tambrauw                                     '),(520,'Provinsi Sulawesi Barat                           '),(521,'Kab. Majene                                       '),(522,'Kab. Mamuju                                       '),(523,'Kab. Polewali Mandar                              '),(524,'Kab. Mamasa                                       '),(525,'Kab. Mamuju Utara                                 ');
/*!40000 ALTER TABLE `twilkerja` ENABLE KEYS */;
UNLOCK TABLES;

--
-- Table structure for table `twilkerja_has_tpemda`
--

DROP TABLE IF EXISTS `twilkerja_has_tpemda`;
/*!40101 SET @saved_cs_client     = @@character_set_client */;
/*!40101 SET character_set_client = utf8 */;
CREATE TABLE `twilkerja_has_tpemda` (
  `idtwilkerja_has_tpemda` int(11) NOT NULL AUTO_INCREMENT,
  `idtwilkerja` int(11) DEFAULT NULL,
  `idtpemda` int(11) DEFAULT NULL,
  PRIMARY KEY (`idtwilkerja_has_tpemda`),
  UNIQUE KEY `twilkerja_has_tpemda1` (`idtwilkerja`,`idtpemda`),
  KEY `idtpemda` (`idtpemda`),
  CONSTRAINT `twilkerja_has_tpemda_ibfk_1` FOREIGN KEY (`idtwilkerja`) REFERENCES `twilkerja` (`idtwilkerja`),
  CONSTRAINT `twilkerja_has_tpemda_ibfk_2` FOREIGN KEY (`idtpemda`) REFERENCES `tpemda` (`idtpemda`)
) ENGINE=InnoDB AUTO_INCREMENT=1050 DEFAULT CHARSET=latin1;
/*!40101 SET character_set_client = @saved_cs_client */;

--
-- Dumping data for table `twilkerja_has_tpemda`
--

LOCK TABLES `twilkerja_has_tpemda` WRITE;
/*!40000 ALTER TABLE `twilkerja_has_tpemda` DISABLE KEYS */;
INSERT INTO `twilkerja_has_tpemda` VALUES (526,1,2),(527,1,3),(528,1,4),(529,1,5),(530,1,6),(531,1,7),(532,1,8),(533,1,9),(534,1,10),(535,1,11),(536,1,12),(537,1,13),(538,1,14),(539,1,15),(540,1,16),(541,1,17),(542,1,18),(543,1,19),(544,1,20),(545,1,21),(546,1,22),(547,1,23),(548,1,24),(549,1,25),(550,1,26),(551,1,27),(552,1,28),(553,1,29),(554,1,30),(555,1,31),(556,1,32),(557,1,33),(558,1,34),(559,1,35),(560,1,36),(561,1,37),(562,1,38),(563,1,39),(564,1,40),(565,1,41),(566,1,42),(567,1,43),(568,1,44),(569,1,45),(570,1,46),(571,1,47),(572,1,48),(573,1,49),(574,1,50),(575,1,51),(576,1,52),(577,1,53),(578,1,54),(579,1,55),(580,1,56),(581,1,57),(582,1,58),(583,1,59),(584,1,60),(585,1,61),(586,1,62),(587,1,63),(588,1,64),(589,1,65),(590,1,66),(591,1,67),(592,1,68),(593,1,69),(594,1,70),(595,1,71),(596,1,72),(597,1,73),(598,1,74),(599,1,75),(600,1,76),(601,1,77),(602,1,78),(603,1,79),(604,1,80),(605,1,81),(606,1,82),(607,1,83),(608,1,84),(609,1,85),(610,1,86),(611,1,87),(612,1,88),(613,1,89),(614,1,90),(615,1,91),(616,1,92),(617,1,93),(618,1,94),(619,1,95),(620,1,96),(621,1,97),(622,1,98),(623,1,99),(624,1,100),(625,1,101),(626,1,102),(627,1,103),(628,1,104),(629,1,105),(630,1,106),(631,1,107),(632,1,108),(633,1,109),(634,1,110),(635,1,111),(636,1,112),(637,1,113),(638,1,114),(639,1,115),(640,1,116),(641,1,117),(642,1,118),(643,1,119),(644,1,120),(645,1,121),(646,1,122),(647,1,123),(648,1,124),(649,1,125),(650,1,126),(651,1,127),(652,1,128),(653,1,129),(654,1,130),(655,1,131),(656,1,132),(657,1,133),(658,1,134),(659,1,135),(660,1,136),(661,1,137),(662,1,138),(663,1,139),(664,1,140),(665,1,141),(666,1,142),(667,1,143),(668,1,144),(669,1,145),(670,1,146),(671,1,147),(672,1,148),(673,1,149),(674,1,150),(675,1,151),(676,1,152),(677,1,153),(678,1,154),(679,1,155),(680,1,156),(681,1,157),(682,1,158),(683,1,159),(684,1,160),(685,1,161),(686,1,162),(687,1,163),(688,1,164),(689,1,165),(690,1,166),(691,1,167),(692,1,168),(693,1,169),(694,1,170),(695,1,171),(696,1,172),(697,1,173),(698,1,174),(699,1,175),(700,1,176),(701,1,177),(702,1,178),(703,1,179),(704,1,180),(705,1,181),(706,1,182),(707,1,183),(708,1,184),(709,1,185),(710,1,186),(711,1,187),(712,1,188),(713,1,189),(714,1,190),(715,1,191),(716,1,192),(717,1,193),(718,1,194),(719,1,195),(720,1,196),(721,1,197),(722,1,198),(723,1,199),(724,1,200),(725,1,201),(726,1,202),(727,1,203),(728,1,204),(729,1,205),(730,1,206),(731,1,207),(732,1,208),(733,1,209),(734,1,210),(735,1,211),(736,1,212),(737,1,213),(738,1,214),(739,1,215),(740,1,216),(741,1,217),(742,1,218),(743,1,219),(744,1,220),(745,1,221),(746,1,222),(747,1,223),(748,1,224),(749,1,225),(750,1,226),(751,1,227),(752,1,228),(753,1,229),(754,1,230),(755,1,231),(756,1,232),(757,1,233),(758,1,234),(759,1,235),(760,1,236),(761,1,237),(762,1,238),(763,1,239),(764,1,240),(765,1,241),(766,1,242),(767,1,243),(768,1,244),(769,1,245),(770,1,246),(771,1,247),(772,1,248),(773,1,249),(774,1,250),(775,1,251),(776,1,252),(777,1,253),(778,1,254),(779,1,255),(780,1,256),(781,1,257),(782,1,258),(783,1,259),(784,1,260),(785,1,261),(786,1,262),(787,1,263),(788,1,264),(789,1,265),(790,1,266),(791,1,267),(792,1,268),(793,1,269),(794,1,270),(795,1,271),(796,1,272),(797,1,273),(798,1,274),(799,1,275),(800,1,276),(801,1,277),(802,1,278),(803,1,279),(804,1,280),(805,1,281),(806,1,282),(807,1,283),(808,1,284),(809,1,285),(810,1,286),(811,1,287),(812,1,288),(813,1,289),(814,1,290),(815,1,291),(816,1,292),(817,1,293),(818,1,294),(819,1,295),(820,1,296),(821,1,297),(822,1,298),(823,1,299),(824,1,300),(825,1,301),(826,1,302),(827,1,303),(828,1,304),(829,1,305),(830,1,306),(831,1,307),(832,1,308),(833,1,309),(834,1,310),(835,1,311),(836,1,312),(837,1,313),(838,1,314),(839,1,315),(840,1,316),(841,1,317),(842,1,318),(843,1,319),(844,1,320),(845,1,321),(846,1,322),(847,1,323),(848,1,324),(849,1,325),(850,1,326),(851,1,327),(852,1,328),(853,1,329),(854,1,330),(855,1,331),(856,1,332),(857,1,333),(858,1,334),(859,1,335),(860,1,336),(861,1,337),(862,1,338),(863,1,339),(864,1,340),(865,1,341),(866,1,342),(867,1,343),(868,1,344),(869,1,345),(870,1,346),(871,1,347),(872,1,348),(873,1,349),(874,1,350),(875,1,351),(876,1,352),(877,1,353),(878,1,354),(879,1,355),(880,1,356),(881,1,357),(882,1,358),(883,1,359),(884,1,360),(885,1,361),(886,1,362),(887,1,363),(888,1,364),(889,1,365),(890,1,366),(891,1,367),(892,1,368),(893,1,369),(894,1,370),(895,1,371),(896,1,372),(897,1,373),(898,1,374),(899,1,375),(900,1,376),(901,1,377),(902,1,378),(903,1,379),(904,1,380),(905,1,381),(906,1,382),(907,1,383),(908,1,384),(909,1,385),(910,1,386),(911,1,387),(912,1,388),(913,1,389),(914,1,390),(915,1,391),(916,1,392),(917,1,393),(918,1,394),(919,1,395),(920,1,396),(921,1,397),(922,1,398),(923,1,399),(924,1,400),(925,1,401),(926,1,402),(927,1,403),(928,1,404),(929,1,405),(930,1,406),(931,1,407),(932,1,408),(933,1,409),(934,1,410),(935,1,411),(936,1,412),(937,1,413),(938,1,414),(939,1,415),(940,1,416),(941,1,417),(942,1,418),(943,1,419),(944,1,420),(945,1,421),(946,1,422),(947,1,423),(948,1,424),(949,1,425),(950,1,426),(951,1,427),(952,1,428),(953,1,429),(954,1,430),(955,1,431),(956,1,432),(957,1,433),(958,1,434),(959,1,435),(960,1,436),(961,1,437),(962,1,438),(963,1,439),(964,1,440),(965,1,441),(966,1,442),(967,1,443),(968,1,444),(969,1,445),(970,1,446),(971,1,447),(972,1,448),(973,1,449),(974,1,450),(975,1,451),(976,1,452),(977,1,453),(978,1,454),(979,1,455),(980,1,456),(981,1,457),(982,1,458),(983,1,459),(984,1,460),(985,1,461),(986,1,462),(987,1,463),(988,1,464),(989,1,465),(990,1,466),(991,1,467),(992,1,468),(993,1,469),(994,1,470),(995,1,471),(996,1,472),(997,1,473),(998,1,474),(999,1,475),(1000,1,476),(1001,1,477),(1002,1,478),(1003,1,479),(1004,1,480),(1005,1,481),(1006,1,482),(1007,1,483),(1008,1,484),(1009,1,485),(1010,1,486),(1011,1,487),(1012,1,488),(1013,1,489),(1014,1,490),(1015,1,491),(1016,1,492),(1017,1,493),(1018,1,494),(1019,1,495),(1020,1,496),(1021,1,497),(1022,1,498),(1023,1,499),(1024,1,500),(1025,1,501),(1026,1,502),(1027,1,503),(1028,1,504),(1029,1,505),(1030,1,506),(1031,1,507),(1032,1,508),(1033,1,509),(1034,1,510),(1035,1,511),(1036,1,512),(1037,1,513),(1038,1,514),(1039,1,515),(1040,1,516),(1041,1,517),(1042,1,518),(1043,1,519),(1044,1,520),(1045,1,521),(1046,1,522),(1047,1,523),(1048,1,524),(1049,1,525),(2,2,2),(3,3,3),(4,4,4),(5,5,5),(6,6,6),(7,7,7),(8,8,8),(9,9,9),(10,10,10),(11,11,11),(12,12,12),(13,13,13),(14,14,14),(15,15,15),(16,16,16),(17,17,17),(18,18,18),(19,19,19),(20,20,20),(21,21,21),(22,22,22),(23,23,23),(24,24,24),(25,25,25),(26,26,26),(27,27,27),(28,28,28),(29,29,29),(30,30,30),(31,31,31),(32,32,32),(33,33,33),(34,34,34),(35,35,35),(36,36,36),(37,37,37),(38,38,38),(39,39,39),(40,40,40),(41,41,41),(42,42,42),(43,43,43),(44,44,44),(45,45,45),(46,46,46),(47,47,47),(48,48,48),(49,49,49),(50,50,50),(51,51,51),(52,52,52),(53,53,53),(54,54,54),(55,55,55),(56,56,56),(57,57,57),(58,58,58),(59,59,59),(60,60,60),(61,61,61),(62,62,62),(63,63,63),(64,64,64),(65,65,65),(66,66,66),(67,67,67),(68,68,68),(69,69,69),(70,70,70),(71,71,71),(72,72,72),(73,73,73),(74,74,74),(75,75,75),(76,76,76),(77,77,77),(78,78,78),(79,79,79),(80,80,80),(81,81,81),(82,82,82),(83,83,83),(84,84,84),(85,85,85),(86,86,86),(87,87,87),(88,88,88),(89,89,89),(90,90,90),(91,91,91),(92,92,92),(93,93,93),(94,94,94),(95,95,95),(96,96,96),(97,97,97),(98,98,98),(99,99,99),(100,100,100),(101,101,101),(102,102,102),(103,103,103),(104,104,104),(105,105,105),(106,106,106),(107,107,107),(108,108,108),(109,109,109),(110,110,110),(111,111,111),(112,112,112),(113,113,113),(114,114,114),(115,115,115),(116,116,116),(117,117,117),(118,118,118),(119,119,119),(120,120,120),(121,121,121),(122,122,122),(123,123,123),(124,124,124),(125,125,125),(126,126,126),(127,127,127),(128,128,128),(129,129,129),(130,130,130),(131,131,131),(132,132,132),(133,133,133),(134,134,134),(135,135,135),(136,136,136),(137,137,137),(138,138,138),(139,139,139),(140,140,140),(141,141,141),(142,142,142),(143,143,143),(144,144,144),(145,145,145),(146,146,146),(147,147,147),(148,148,148),(149,149,149),(150,150,150),(151,151,151),(152,152,152),(153,153,153),(154,154,154),(155,155,155),(156,156,156),(157,157,157),(158,158,158),(159,159,159),(160,160,160),(161,161,161),(162,162,162),(163,163,163),(164,164,164),(165,165,165),(166,166,166),(167,167,167),(168,168,168),(169,169,169),(170,170,170),(171,171,171),(172,172,172),(173,173,173),(174,174,174),(175,175,175),(176,176,176),(177,177,177),(178,178,178),(179,179,179),(180,180,180),(181,181,181),(182,182,182),(183,183,183),(184,184,184),(185,185,185),(186,186,186),(187,187,187),(188,188,188),(189,189,189),(190,190,190),(191,191,191),(192,192,192),(193,193,193),(194,194,194),(195,195,195),(196,196,196),(197,197,197),(198,198,198),(199,199,199),(200,200,200),(201,201,201),(202,202,202),(203,203,203),(204,204,204),(205,205,205),(206,206,206),(207,207,207),(208,208,208),(209,209,209),(210,210,210),(211,211,211),(212,212,212),(213,213,213),(214,214,214),(215,215,215),(216,216,216),(217,217,217),(218,218,218),(219,219,219),(220,220,220),(221,221,221),(222,222,222),(223,223,223),(224,224,224),(225,225,225),(226,226,226),(227,227,227),(228,228,228),(229,229,229),(230,230,230),(231,231,231),(232,232,232),(233,233,233),(234,234,234),(235,235,235),(236,236,236),(237,237,237),(238,238,238),(239,239,239),(240,240,240),(241,241,241),(242,242,242),(243,243,243),(244,244,244),(245,245,245),(246,246,246),(247,247,247),(248,248,248),(249,249,249),(250,250,250),(251,251,251),(252,252,252),(253,253,253),(254,254,254),(255,255,255),(256,256,256),(257,257,257),(258,258,258),(259,259,259),(260,260,260),(261,261,261),(262,262,262),(263,263,263),(264,264,264),(265,265,265),(266,266,266),(267,267,267),(268,268,268),(269,269,269),(270,270,270),(271,271,271),(272,272,272),(273,273,273),(274,274,274),(275,275,275),(276,276,276),(277,277,277),(278,278,278),(279,279,279),(280,280,280),(281,281,281),(282,282,282),(283,283,283),(284,284,284),(285,285,285),(286,286,286),(287,287,287),(288,288,288),(289,289,289),(290,290,290),(291,291,291),(292,292,292),(293,293,293),(294,294,294),(295,295,295),(296,296,296),(297,297,297),(298,298,298),(299,299,299),(300,300,300),(301,301,301),(302,302,302),(303,303,303),(304,304,304),(305,305,305),(306,306,306),(307,307,307),(308,308,308),(309,309,309),(310,310,310),(311,311,311),(312,312,312),(313,313,313),(314,314,314),(315,315,315),(316,316,316),(317,317,317),(318,318,318),(319,319,319),(320,320,320),(321,321,321),(322,322,322),(323,323,323),(324,324,324),(325,325,325),(326,326,326),(327,327,327),(328,328,328),(329,329,329),(330,330,330),(331,331,331),(332,332,332),(333,333,333),(334,334,334),(335,335,335),(336,336,336),(337,337,337),(338,338,338),(339,339,339),(340,340,340),(341,341,341),(342,342,342),(343,343,343),(344,344,344),(345,345,345),(346,346,346),(347,347,347),(348,348,348),(349,349,349),(350,350,350),(351,351,351),(352,352,352),(353,353,353),(354,354,354),(355,355,355),(356,356,356),(357,357,357),(358,358,358),(359,359,359),(360,360,360),(361,361,361),(362,362,362),(363,363,363),(364,364,364),(365,365,365),(366,366,366),(367,367,367),(368,368,368),(369,369,369),(370,370,370),(371,371,371),(372,372,372),(373,373,373),(374,374,374),(375,375,375),(376,376,376),(377,377,377),(378,378,378),(379,379,379),(380,380,380),(381,381,381),(382,382,382),(383,383,383),(384,384,384),(385,385,385),(386,386,386),(387,387,387),(388,388,388),(389,389,389),(390,390,390),(391,391,391),(392,392,392),(393,393,393),(394,394,394),(395,395,395),(396,396,396),(397,397,397),(398,398,398),(399,399,399),(400,400,400),(401,401,401),(402,402,402),(403,403,403),(404,404,404),(405,405,405),(406,406,406),(407,407,407),(408,408,408),(409,409,409),(410,410,410),(411,411,411),(412,412,412),(413,413,413),(414,414,414),(415,415,415),(416,416,416),(417,417,417),(418,418,418),(419,419,419),(420,420,420),(421,421,421),(422,422,422),(423,423,423),(424,424,424),(425,425,425),(426,426,426),(427,427,427),(428,428,428),(429,429,429),(430,430,430),(431,431,431),(432,432,432),(433,433,433),(434,434,434),(435,435,435),(436,436,436),(437,437,437),(438,438,438),(439,439,439),(440,440,440),(441,441,441),(442,442,442),(443,443,443),(444,444,444),(445,445,445),(446,446,446),(447,447,447),(448,448,448),(449,449,449),(450,450,450),(451,451,451),(452,452,452),(453,453,453),(454,454,454),(455,455,455),(456,456,456),(457,457,457),(458,458,458),(459,459,459),(460,460,460),(461,461,461),(462,462,462),(463,463,463),(464,464,464),(465,465,465),(466,466,466),(467,467,467),(468,468,468),(469,469,469),(470,470,470),(471,471,471),(472,472,472),(473,473,473),(474,474,474),(475,475,475),(476,476,476),(477,477,477),(478,478,478),(479,479,479),(480,480,480),(481,481,481),(482,482,482),(483,483,483),(484,484,484),(485,485,485),(486,486,486),(487,487,487),(488,488,488),(489,489,489),(490,490,490),(491,491,491),(492,492,492),(493,493,493),(494,494,494),(495,495,495),(496,496,496),(497,497,497),(498,498,498),(499,499,499),(500,500,500),(501,501,501),(502,502,502),(503,503,503),(504,504,504),(505,505,505),(506,506,506),(507,507,507),(508,508,508),(509,509,509),(510,510,510),(511,511,511),(512,512,512),(513,513,513),(514,514,514),(515,515,515),(516,516,516),(517,517,517),(518,518,518),(519,519,519),(520,520,520),(521,521,521),(522,522,522),(523,523,523),(524,524,524),(525,525,525);
/*!40000 ALTER TABLE `twilkerja_has_tpemda` ENABLE KEYS */;
UNLOCK TABLES;
/*!40103 SET TIME_ZONE=@OLD_TIME_ZONE */;

/*!40101 SET SQL_MODE=@OLD_SQL_MODE */;
/*!40014 SET FOREIGN_KEY_CHECKS=@OLD_FOREIGN_KEY_CHECKS */;
/*!40014 SET UNIQUE_CHECKS=@OLD_UNIQUE_CHECKS */;
/*!40101 SET CHARACTER_SET_CLIENT=@OLD_CHARACTER_SET_CLIENT */;
/*!40101 SET CHARACTER_SET_RESULTS=@OLD_CHARACTER_SET_RESULTS */;
/*!40101 SET COLLATION_CONNECTION=@OLD_COLLATION_CONNECTION */;
/*!40111 SET SQL_NOTES=@OLD_SQL_NOTES */;

-- Dump completed on 2014-01-28  9:41:31
